uid,sec_uid,unique_id,nickname,bio,avatar,verified,region,language,secret,video_count,total_favorited,favoriting_count,follower_count,following_count,create_time,unique_id_modify_time
222838918348439552,MS4wLjABAAAAZUDexX-Wq7YFVG8V5DCx40AnohGQorRgMT_4xd3fvfFjJjc3TNZUjCTq-izbWsH5,christianzammataro,Zamma,"Videomaker
ZammaVerse
Vision•Sketch•Backstage•Nature•Prod•Card",https://p16-sign-va.tiktokcdn.com/tos-maliva-avt-0068/acdcc4d8e8390e04aa827d01f0ec161f~tplv-tiktokx-cropcenter:1080:1080.webp?dr=14635&refresh_token=d171e131&x-expires=1774490400&x-signature=%2Bnyjz8FqZ9btHO055jsYVMsdkqs%3D&t=4d5b0474&ps=82dc5187&shp=30310797&shcp=65db1d19&idc=my2,False,IT,en,0,28,207652,2149,3557,203,1493471653,1774404184
7081369942658729002,MS4wLjABAAAAXX_PQE7IuzMkE-bx4onzVvR-MiCkyjPX7V6TTfS0jTF66Y6_drVnuiuqZjsO327J,neverbrokeagain,NeverBrokeAgain,Slime Cry Out Now!,https://p16-sign-va.tiktokcdn.com/tos-maliva-avt-0068/a554025e6b293165e01c600398f1d30e~tplv-tiktokx-cropcenter:1080:1080.webp?dr=14635&refresh_token=76b9de07&x-expires=1774490400&x-signature=GC1ZUGtpuCKfT3Tjj5kUbchVeIU%3D&t=4d5b0474&ps=82dc5187&shp=30310797&shcp=65db1d19&idc=my2,True,US,en,0,25,742387,5195,268132,3,1648760054,1774404184
7136282086625117190,MS4wLjABAAAAOxGQ-KTYr2jnwUcZFdxSWDgaue4batLT1piAMbu_PAsjkzo9Buxw5wiVloPtEwBw,mouhamed.mamba,mouhamed niang,"🐍Mamba
🥊k1 pro fighter
🕋Fede, disciplina e sacrificio.",https://p16-sign-va.tiktokcdn.com/tos-maliva-avt-0068/903c7a755dcce10c7ca8486bfda5cf3b~tplv-tiktokx-cropcenter:1080:1080.webp?dr=14635&refresh_token=d24a4d12&x-expires=1774490400&x-signature=5Lvu%2By8oeq95f23WTTDIaa5A2xU%3D&t=4d5b0474&ps=82dc5187&shp=30310797&shcp=65db1d19&idc=my2,False,IT,it,0,69,13598,1625,6864,110,1661588126,1774404184
6785570607193359365,MS4wLjABAAAAH0EBt4LAJUBtdMHuf5gM0kQ8QgAh-wM4_V5wL4EwduHoE5llHF2LNTf29cYA1ZIY,emerson.royal22,Emerson Junior,,https://p19-common-sign-useastred.tiktokcdn-eu.com/tos-useast2a-avt-0068-euttp/ee4b9f33ad020e7d485fe6144c964323~tplv-tiktokx-cropcenter:1080:1080.webp?dr=14635&refresh_token=b07ab4c4&x-expires=1774490400&x-signature=9%2BfcelEmdXyECZXII2lHIweaW6I%3D&t=4d5b0474&ps=82dc5187&shp=30310797&shcp=65db1d19&idc=my2,True,BR,pt,0,29,1431303,80,394681,83,1581412758,1774404184
6727327145951183878,MS4wLjABAAAA8ezUaW4ecJX222ObGXxt07F9BIh4QH3-g1P1DHyChT2LLi2cn-vAE2R53-H672ZO,willsmith,Will Smith,Same kid from West Philly. “Pretty Girls”out now!👇🏾,https://p16-sign-va.tiktokcdn.com/tos-maliva-avt-0068/6b73291201289543d115071ba64de75a~tplv-tiktokx-cropcenter:1080:1080.webp?dr=14635&refresh_token=044c389d&x-expires=1774490400&x-signature=x9jplSVocYjw3ImTzhDxvIxWumc%3D&t=4d5b0474&ps=82dc5187&shp=30310797&shcp=65db1d19&idc=my2,True,US,en,0,439,668220998,311,78881423,51,1567819878,1774404184
6746264168812659717,MS4wLjABAAAAeorUnEgxFuiNspeal1-82s8pfmSKCojvGFhL3fDrspFgBDzg084_uu4KrGLwKVZD,terrycrews,Terry Crews,"Husband, Father, Actor, Author, Artist, Philanthropist, Athlete",https://p16-sign-va.tiktokcdn.com/tos-maliva-avt-0068/51b739700d98376b9b26dcf5fc6b6b08~tplv-tiktokx-cropcenter:1080:1080.webp?dr=14635&refresh_token=82b31db7&x-expires=1774490400&x-signature=Jl8o7fFH67bU7h%2BEjmYgmUe2Osc%3D&t=4d5b0474&ps=82dc5187&shp=30310797&shcp=65db1d19&idc=my2,True,US,en,0,326,148164759,810,24633865,152,1570737884,1774404184
7209374969515181061,MS4wLjABAAAAFH-5aS36rPmyvoBjB5HF3bCI1dd-_ElABoVyNfeOw0yxsDcNYe-_ODQdmnxxokjL,billyy__g,Billy!,"I don't have any content yet 🥳
G💗",https://p16-sign-sg.tiktokcdn.com/tos-alisg-avt-0068/f832148c541f81825dc6812e20cfcea7~tplv-tiktokx-cropcenter:1080:1080.webp?dr=14635&refresh_token=8ed5e12e&x-expires=1774490400&x-signature=f%2BOImjalBlhKa0JSUuEH9bE1sEE%3D&t=4d5b0474&ps=82dc5187&shp=30310797&shcp=65db1d19&idc=my2,False,LY,ar,0,2,836874,172054,56436,11,1679721821,1774404184
6789054862825260038,MS4wLjABAAAArXS4ZcTg-WVFhSH4FzCxoQvWWhjG-UxxIeziT-QPgw4dpQL5K-F__VGWX_jUqgQq,giannis_an34,Giannis Antetokounmpo,I’m ME and I’m okay with ME 😎,https://p16-sign-va.tiktokcdn.com/tos-maliva-avt-0068/aeb728655c8054caf4e8f6d26ea10d37~tplv-tiktokx-cropcenter:1080:1080.webp?dr=14635&refresh_token=fe8386f3&x-expires=1774490400&x-signature=qOhqqQru6nfvHFnAo41Zh76UhnU%3D&t=4d5b0474&ps=82dc5187&shp=30310797&shcp=65db1d19&idc=my2,True,US,en,0,17,67556721,630,6265800,16,1580700512,1774404184
6879140164560602114,MS4wLjABAAAApLb3RUlmWdu8KUVSXNK9DG6Mu9B0IBq5aEdCtumcTcy6mihjAhJpNtYGauSczOhA,mfcbqtr_,Mabkhout Al-Marri,اغطي اهم احداث كرة القدم العالمية وسفير الدوري الاسباني 🇪🇸,https://p16-sign-sg.tiktokcdn.com/tos-alisg-avt-0068/6ee9869cba56429a53cb075f65151d5c~tplv-tiktokx-cropcenter:1080:1080.webp?dr=14635&refresh_token=a7e5d90f&x-expires=1774490400&x-signature=Kvg85W%2FuokaA6PdS9oA6igoqH%2Bc%3D&t=4d5b0474&ps=82dc5187&shp=30310797&shcp=65db1d19&idc=my2,True,QA,ar,0,395,7563848,2129,1119842,39,1601675413,1774404184
6805979175184286725,MS4wLjABAAAAVA-yyBrKD5jHmvt1X4n-o5hIGw0qpOseYAIbIVVBH1cPpuUsZTHJd8GkUg3N-Z7Y,naomi,Naomi Campbell,Mother |  Model | Actress | Cultural Innovator | Activist |,https://p16-sign-va.tiktokcdn.com/tos-maliva-avt-0068/7320378889853730821~tplv-tiktokx-cropcenter:1080:1080.webp?dr=14635&refresh_token=8f208262&x-expires=1774490400&x-signature=tVeQ9Snb4Na6Qlz1aK419ZYb%2BeA%3D&t=4d5b0474&ps=82dc5187&shp=30310797&shcp=65db1d19&idc=my2,True,GB,en,0,12,779440,55,368445,31,1584641037,1774404184
6757633088267060229,MS4wLjABAAAA1NcMtDeOzfQ75ND2JrceaM-IvsxnXFJaYLcuxh9KbLcI9YRB_5CpWyuE7OBaAWxo,cicciogamer89,cicciogamer89,Faccio quel che posso 😂,https://p16-sign-va.tiktokcdn.com/tos-maliva-avt-0068/a893350ad29fd2c3f96d21b63df11fa2~tplv-tiktokx-cropcenter:1080:1080.webp?dr=14635&refresh_token=fe84e2df&x-expires=1774490400&x-signature=zDios2HSsbV71NGYoZJr3VEW4fI%3D&t=4d5b0474&ps=82dc5187&shp=30310797&shcp=65db1d19&idc=my2,True,IT,it,0,1362,29247619,30468,1372132,122,1587456643,1774404184
6701921036809831430,MS4wLjABAAAA6zYqrGnEbKOdEKQ46iu8_NPT-l1v4ta8W_gJ5QwgEMTiDaW6-qOMZroGbTQcTGOA,boss,BOSS,"Bold, confident, determined: you can be too #BeYourOwnBOSS",https://p16-sign-va.tiktokcdn.com/tos-maliva-avt-0068/e50d258a302efeb3f9d1c746b015bc3c~tplv-tiktokx-cropcenter:1080:1080.webp?dr=14635&refresh_token=7324360b&x-expires=1774490400&x-signature=F70r2rjhwo8jvdAAoIfaua4hmVs%3D&t=4d5b0474&ps=82dc5187&shp=30310797&shcp=65db1d19&idc=my2,True,US,en,0,1107,45629689,875,2842864,46,1560412786,1774404184
160546335597760512,MS4wLjABAAAAohwP_ww2O3OHLVtLtkqITKBY-ytR3Uf2Uv5D1SPU4BwfVGJrVOnJB91oRYdCfDgZ,tommycassi,Tommycassi,Instagram -> @tommycassi,https://p16-sign-va.tiktokcdn.com/tos-maliva-avt-0068/7318833064296054789~tplv-tiktokx-cropcenter:1080:1080.webp?dr=14635&refresh_token=d1e9b5ab&x-expires=1774490400&x-signature=W2Dvq2kHWfiOiv8FeBdRu6Mlka4%3D&t=4d5b0474&ps=82dc5187&shp=30310797&shcp=65db1d19&idc=my2,True,IT,it,0,885,104175909,23951,3079639,0,1478619991,1774404184
6913593610206544897,MS4wLjABAAAAd4uztfV96Q3NuCMl5JiK0tiQGoi-3wU7anXPnxAH0-mByaglrmkOqe79_IPJpdQd,yuripomoart,Yuripomo,"Follow me for a 🍪
Welcome to my ART! 🎨",https://p19-common-sign-useastred.tiktokcdn-eu.com/tos-useast2a-avt-0068-euttp/296c1f8d7588ed9df7ae97a0e048dade~tplv-tiktokx-cropcenter:1080:1080.webp?dr=14635&refresh_token=b048f92f&x-expires=1774490400&x-signature=Az53jQkTxakFwx6%2BAKWUV6PG3O8%3D&t=4d5b0474&ps=82dc5187&shp=30310797&shcp=65db1d19&idc=my2,False,IT,it,0,155,1340143,816,274916,7,1609697244,1774404184
6611099612067856390,MS4wLjABAAAA2EvW1E1RwMcww5EY5bG0z2TeJ3dusTXaAKNJBQatp8IGSbOvWYWRm6TIIZ46Q40v,jlo,JLO,New Single SAVE ME TONIGHT with David Guetta OUT NOW 💫 THE JLO SHOW Live in Las Vegas at the Colosseum at Caesars Palace March 6-28 🌟,https://p16-sign-va.tiktokcdn.com/tos-maliva-avt-0068/7a9a3eb7d876704105c12a61757b1ebd~tplv-tiktokx-cropcenter:1080:1080.webp?dr=14635&refresh_token=f73a0cd7&x-expires=1774490400&x-signature=jb97oP9teigegQ%2BYTV%2BCdC3glNQ%3D&t=4d5b0474&ps=82dc5187&shp=30310797&shcp=65db1d19&idc=my2,True,US,en,0,402,85362800,2357,17871549,299,1548716114,1774404184
6880529154954068998,MS4wLjABAAAAcTxNveEnIvV5wJ7MIqC25H0NDdF9yO0mOl_yUc7sSHJPVAuHrf7jISOJFcSW3vnR,kidzuna._,絶望,ABOUT ADS - IG/kidzuna1@gmail.com,https://p16-sign-sg.tiktokcdn.com/tos-alisg-avt-0068/151174fa82b5246e7b4bb6e9e24deb9a~tplv-tiktokx-cropcenter:1080:1080.webp?dr=14635&refresh_token=78b43dbc&x-expires=1774490400&x-signature=ks8exK00U7QwA4eg5Fc3r7tHT60%3D&t=4d5b0474&ps=82dc5187&shp=30310797&shcp=65db1d19&idc=my2,False,US,ru,0,2215,249174506,47308,5386532,103,1609403101,1774404184
6531081683746165760,MS4wLjABAAAAKxXMUvcQ2Eo_vVxLn554nbLCdsrBKtxlu_FVhnG8TX92Zo2EezMi3FA0iQ7LJZzq,rosalia,La Rosalia,,https://p16-sign-va.tiktokcdn.com/tos-maliva-avt-0068/7310091357367107590~tplv-tiktokx-cropcenter:1080:1080.webp?dr=14635&refresh_token=515ef1bb&x-expires=1774490400&x-signature=Ay2DZpoM%2FDOn%2BbX9a0kCplmciag%3D&t=4d5b0474&ps=82dc5187&shp=30310797&shcp=65db1d19&idc=my2,True,CH,es,0,232,419950356,3736,32994905,3134,1520664799,1774404184
6735332355974087685,MS4wLjABAAAAGFQT3pFbqT8XtstSDHanoUmoE452_DRjjsvI-wSL1MSjD4jrhTwce3wVD0p_gnPJ,roccomercurio0,ROCCO MERCURIO,"RECORD HOLDER SERIAL 🇮🇹.
72 GUINNESS WORLD RECORDS .
FOLLOWED BY KHABY LAME N.1 TIKTOK.
FOR COLLABORATIONS 📩 MERCURIOROCCO@GMAIL.COM",https://p16-sign-va.tiktokcdn.com/tos-maliva-avt-0068/61a046095d35854f80fd17a7ae31c4e0~tplv-tiktokx-cropcenter:1080:1080.webp?dr=14635&refresh_token=7a61c9d2&x-expires=1774490400&x-signature=F5MSS1UE8%2BluhCdpU3mcNVkgM3U%3D&t=4d5b0474&ps=82dc5187&shp=30310797&shcp=65db1d19&idc=my2,True,IT,it,0,276,8277870,499,359646,7,1568192272,1774404184
6614519312189947909,MS4wLjABAAAABKjQkOz_IIzXXzEAl_9LGsWhvK-gBnlczwRPXK8EmxAp6K3X0qiaP5_OEqmm0XwG,mrbeast,MrBeast,Beast Games 2: Strong Vs. Smart OUT NOW ON PRIME VIDEO :D,https://p16-sign-va.tiktokcdn.com/tos-maliva-avt-0068/1e2348ca19d394037718e3b1d3fc2958~tplv-tiktokx-cropcenter:1080:1080.webp?dr=14635&refresh_token=f6d0c4b9&x-expires=1774490400&x-signature=snq496sBUz3CoMZ0f3RZ8lPFPcs%3D&t=4d5b0474&ps=82dc5187&shp=30310797&shcp=65db1d19&idc=my2,True,US,en,0,440,1274374602,1495,124683667,351,1540063576,1774404184
210934700603887616,MS4wLjABAAAArZxLO2lQJ5fl_7iVZOOTiOiMz6QLkyt5Gh-iSREuysEmpRtYLO_C3JvJ9sqnwBVM,djkhaled,djkhaled,,https://p16-sign-va.tiktokcdn.com/tos-maliva-avt-0068/7313942360287166470~tplv-tiktokx-cropcenter:1080:1080.webp?dr=14635&refresh_token=08bf0510&x-expires=1774490400&x-signature=qIlHluJvjzcuhrsIJGFqnXvKAP0%3D&t=4d5b0474&ps=82dc5187&shp=30310797&shcp=65db1d19&idc=my2,True,US,en,0,602,47050851,1070,7065041,187,1490662267,1774404184
6653097460997521414,MS4wLjABAAAALoMs_1FxFHHnkPE6B8ZjTGsca2zm60Xi_xW1qRt6duyJllmKfA1O0gxgn7UtySfz,steveharvey,Steve Harvey,"It’s your man here, now let imagination lead the way.",https://p16-sign-va.tiktokcdn.com/tos-maliva-avt-0068/c8183309f4f0342f2b74924169c8c563~tplv-tiktokx-cropcenter:1080:1080.webp?dr=14635&refresh_token=38a4b652&x-expires=1774490400&x-signature=j7CHL0OB3yprYDjOILlGw1YU%2B4c%3D&t=4d5b0474&ps=82dc5187&shp=30310797&shcp=65db1d19&idc=my2,True,US,en,0,431,110064016,2091,12954579,46,1549016815,1774404184
274398,MS4wLjABAAAAxt8Hm4EWqq8DmakASAuBBhPc9VoVBUYAXCZSkksw4O0,_cjkilla_,Castro🇭🇹,"Uncle Castro👋🏿
castro@slogansocial.com",https://p16-sign-va.tiktokcdn.com/tos-maliva-avt-0068/b5fbbc2e3f78d928cb03d9042dc5c1fd~tplv-tiktokx-cropcenter:1080:1080.webp?dr=14635&refresh_token=24fefad5&x-expires=1774490400&x-signature=31YRq4k6QE%2FAt3MLtQ8pYz%2FXqlA%3D&t=4d5b0474&ps=82dc5187&shp=30310797&shcp=65db1d19&idc=my2,False,US,en,0,1477,407626001,65267,5115531,650,1432032049,1774404184
6891947725971571713,MS4wLjABAAAAXNAIWPpSImEnNOEvlPDEdFw34qRbdmXBr5k80rQmgScYjyKYi911PDUuNb5l5p_4,argenby,argenby,"94:5
Goal 100М",https://p16-sign-va.tiktokcdn.com/tos-maliva-avt-0068/00fc900f9d52a11f2eef23c38c4e66be~tplv-tiktokx-cropcenter:1080:1080.webp?dr=14635&refresh_token=7e8812b6&x-expires=1774490400&x-signature=9F4yINLctW%2Bg1OlmGfGU4%2BMhDt8%3D&t=4d5b0474&ps=82dc5187&shp=30310797&shcp=65db1d19&idc=my2,False,KG,ru,0,1888,921385564,82164,24630209,114,1612792917,1774404184
6873628459643323398,MS4wLjABAAAAHXCpv_VaWOd6ZpwF3qrFA1xhU6wVEsNzzZ7zx7SBW7n8ymRj41zoFJWNfMxJO7wg,lupitanyongo,Lupita Nyong’o,,https://p16-sign-va.tiktokcdn.com/tos-maliva-avt-0068/7318139627892637742~tplv-tiktokx-cropcenter:1080:1080.webp?dr=14635&refresh_token=431674c7&x-expires=1774490400&x-signature=cpJe6yJDkdjnZ8ZuEAw7Z%2BoAiNQ%3D&t=4d5b0474&ps=82dc5187&shp=30310797&shcp=65db1d19&idc=my2,True,US,en,0,214,46670077,373,3432094,49,1613005867,1774404184
6869286989888406529,MS4wLjABAAAAA3l9TD8oUjg-xkY7IzsZhJzfq97vCBvWjgjeadSIGy7hk9b-nAIstNXkOWYTa-Ts,ox_zung,user36529444004,No bio yet,https://p16-sign-va.tiktokcdn.com/musically-maliva-obj/1594805258216454~tplv-tiktokx-cropcenter:1080:1080.webp?dr=14635&refresh_token=29eab089&x-expires=1774490400&x-signature=Glnlhuq0x3zc3M8jp9n6gfG4b1A%3D&t=4d5b0474&ps=82dc5187&shp=30310797&shcp=65db1d19&idc=my2,True,KR,ko,0,20,1714411250,8647,54481828,3,1599380729,1774404184
7145745525584806917,MS4wLjABAAAA7d3BTXg-7lcnDFAKWCdL9rzZWu_2RamaMCDfgnWmibf5qUBD5XJSZzLeGHNnHDEJ,zlatanibrahimovic,Zlatan Ibrahimović,,https://p16-sign-va.tiktokcdn.com/tos-maliva-avt-0068/aa3049da2e7c9f161e4985d799342d28~tplv-tiktokx-cropcenter:1080:1080.webp?dr=14635&refresh_token=06112332&x-expires=1774490400&x-signature=sjvQCW8CvhRfNBYPx5CuTUf5lAQ%3D&t=4d5b0474&ps=82dc5187&shp=30310797&shcp=65db1d19&idc=my2,True,SE,sv,0,101,91042703,179,11274943,7,1663758689,1774404184
7134709640907457542,MS4wLjABAAAAJJCnyBdw_VieIF_UmmvFBP-NisyKd7Llw8X_h7k3CAZvFOYt2DBiL3MbowXmMvu2,paulodybala,Paulo Dybala,"👟 @adidas “Athlete” 
🇦🇷 @afaseleccion
🐺 @officialasroma
#DybalaNation",https://p16-sign-va.tiktokcdn.com/tos-maliva-avt-0068/e88823a3b13688f6f0de24358f2139eb~tplv-tiktokx-cropcenter:1080:1080.webp?dr=14635&refresh_token=fbe1a93e&x-expires=1774490400&x-signature=LPFZ%2FNsEqGWlgjiRnvx3sVIuZNY%3D&t=4d5b0474&ps=82dc5187&shp=30310797&shcp=65db1d19&idc=my2,True,AR,es,0,77,96186760,203,10329250,131,1661179087,1774404184
68616495085350913,MS4wLjABAAAANnzJ9pdfxtlf3m5Ku_M-rCXVitJC13w4GavqyUD3RE8h1cZ-7O9FT-uQ9rCJjU_E,zachking,Zach King,"Bringing a little more wonder into the world, 15 seconds at a time",https://p9-sign-sg.tiktokcdn.com/tos-alisg-avt-0068/smgf5f369c884044a8df770614bbfd64717~tplv-tiktokx-cropcenter:1080:1080.webp?dr=14635&refresh_token=f0fede94&x-expires=1774490400&x-signature=ZBe9Sc8a87wwMVAvH50viZp74uM%3D&t=4d5b0474&ps=82dc5187&shp=30310797&shcp=65db1d19&idc=my2,True,US,en,0,589,1252772078,644,84400288,169,1456730962,1774404184
6911364922812417029,MS4wLjABAAAAf_NfPUBVKf2e_OTSW09piJ2BCqUKVqCqLxuFRfJ8HmqbPFbm_0qHJlCU9Vo7arOq,universalpics,Universal Pictures,"the movies, not the park.",https://p16-sign-va.tiktokcdn.com/tos-maliva-avt-0068/d36d981167874e5a82860b9e321c6568~tplv-tiktokx-cropcenter:1080:1080.webp?dr=14635&refresh_token=19491de1&x-expires=1774490400&x-signature=FfUk2XZPtn3cViCfM4MWM4AIcRU%3D&t=4d5b0474&ps=82dc5187&shp=30310797&shcp=65db1d19&idc=my2,True,US,en,0,1217,75601631,2183,2964644,64,1609177596,1774404184
6789397472962003974,MS4wLjABAAAA6npVPVY41KaXBOU9zxDWxsdIF4CG8i7lNJFUyy5giX7FnI23T8StfrUGCfyxam05,idriselba,Idris Elba,"@7Wallace 
@Sound Intl",https://p19-common-sign-useastred.tiktokcdn-eu.com/tos-useast2a-avt-0068-euttp/298ab2d1da9991667040c5ae2c68e307~tplv-tiktokx-cropcenter:1080:1080.webp?dr=14635&refresh_token=d3fa40b7&x-expires=1774490400&x-signature=l4AYNmPzDATU%2FlIUUuQ%2FEYrhm6U%3D&t=4d5b0474&ps=82dc5187&shp=30310797&shcp=65db1d19&idc=my2,True,GB,en,0,44,7466550,573,2600425,87,1580754213,1774404184
6770044525303661573,MS4wLjABAAAA3dYctbpMlDHsFsqtfBuukDiwmUjT42II-iZFhOXgllWWu0lf95h9UF7zO111KhUV,inaki.godoy,Inaki Godoy,"I make the most viral content on the whole net.

Professional tikoker, sometimes 
an actor (just for hobby though)",https://p16-sign-sg.tiktokcdn.com/tos-alisg-avt-0068/4fdcfac61fa1a302f491f2babc2d9a19~tplv-tiktokx-cropcenter:1080:1080.webp?dr=14635&refresh_token=9f9a9c53&x-expires=1774490400&x-signature=yVh59MDts7a8kYj%2FK%2F06Asmsofk%3D&t=4d5b0474&ps=82dc5187&shp=30310797&shcp=65db1d19&idc=my,True,ZA,es,0,36,4015402,357,1377279,14,1639124562,1774404184
6644633379692199942,MS4wLjABAAAAd_FL7FSUAR9eyQ0FbVWj2FbSbF7ch--LV4APbDXDSRPNAdp4PxsDzTtrwuDOwghx,snoopdogg,Snoop Dogg,Ten Til Midnight. Movie 3/27. Album 4/10,https://p16-sign-va.tiktokcdn.com/tos-maliva-avt-0068/7319133570109276166~tplv-tiktokx-cropcenter:1080:1080.webp?dr=14635&refresh_token=61585820&x-expires=1774490400&x-signature=ShbbaSI%2Bodqq3Hohg3ZEHYmeSIM%3D&t=4d5b0474&ps=82dc5187&shp=30310797&shcp=65db1d19&idc=my,True,US,en,0,509,182227307,342,29474551,235,1563374204,1774404184
12680137,MS4wLjABAAAAksQJPMV6Q6KdY9RQhThsGp2jNZXLtN2td0XlAEzkd-U,lelepons,Lele Pons,,https://p16-sign-va.tiktokcdn.com/tos-maliva-avt-0068/92774a3c45560e7d4babca6805141085~tplv-tiktokx-cropcenter:1080:1080.webp?dr=14635&refresh_token=6d835831&x-expires=1774490400&x-signature=2eCsMariIyLaxvpIYCTQ8D1vpIY%3D&t=4d5b0474&ps=82dc5187&shp=30310797&shcp=65db1d19&idc=my,True,US,en,0,723,900131609,3794,33178866,784,1444979755,1774404184
6820524341119140869,MS4wLjABAAAAZbw5GikQhWKbLP_lRfBXim3_ErfP6ikpmV6O68rGIS_z3tD6P3oQalfpAVITCpga,esultareallakhaby,Khaby Lame news and edits,FAN page of @Khabane lame,https://p16-sign-va.tiktokcdn.com/tos-maliva-avt-0068/7a149e5d55f6c0f769c387cc46cb9eeb~tplv-tiktokx-cropcenter:1080:1080.webp?dr=14635&refresh_token=ee0c2d69&x-expires=1774490400&x-signature=VQGLytnTdxDj2QakewNZ0hzHi6M%3D&t=4d5b0474&ps=82dc5187&shp=30310797&shcp=65db1d19&idc=my,False,IT,it,0,168,332573,4555,309670,12,1588027208,1774404184
5831967,MS4wLjABAAAA-VASjiXTh7wDDyXvjk10VFhMWUAoxr8bgfO1kAL1-9s,charlidamelio,charli d’amelio,,https://p16-sign-va.tiktokcdn.com/tos-maliva-avt-0068/ee31de49ddf64b45c5b2e3c55fbd0ea4~tplv-tiktokx-cropcenter:1080:1080.webp?dr=14635&refresh_token=a0da7c5f&x-expires=1774490400&x-signature=KyP%2BdStBv%2Bji9C3xqtIafyDFJRw%3D&t=4d5b0474&ps=82dc5187&shp=30310797&shcp=65db1d19&idc=my,True,US,en,0,2988,12019267420,16523,156430293,1358,1447505838,1774404184
6938389778388337670,MS4wLjABAAAAcAh1vcYhCyc4KgB9U1D51tYOW-QQ8ZuCnVvIEWww8nupK--n8YcT8y8BmziL0EBC,luvadepedreiro,Luva (Lai),RECEBA🇧🇷,https://p16-sign-va.tiktokcdn.com/tos-maliva-avt-0068/bd126738f193e0a3ecc25c7fb2691213~tplv-tiktokx-cropcenter:1080:1080.webp?dr=14635&refresh_token=df55e39c&x-expires=1774490400&x-signature=FhTg5i3vs1KplKQ%2FOpZkgp6fvZ4%3D&t=4d5b0474&ps=82dc5187&shp=30310797&shcp=65db1d19&idc=my,True,BR,pt,0,431,475599934,26827,24399974,107,1615469992,1774404184
6967199010056111110,MS4wLjABAAAAkHiqYjsvy9GzSuHBnWeFYLO93NXbeuQk9TlBfYUCNu8wRikp2Dbdt9vGnv70zyFz,nickmayhugh,Nick Mayhugh,"3x Gold Medalist🥇
PUMA Athlete
IMG Models
All business: nickmayhugh@select.co",https://p16-sign-va.tiktokcdn.com/tos-maliva-avt-0068/058942fc58ae6e3eab448bc98941fbb1~tplv-tiktokx-cropcenter:1080:1080.webp?dr=14635&refresh_token=2b8238f9&x-expires=1774490400&x-signature=%2Bj6kB%2Fb81su6aIwDfFzTklfUgmw%3D&t=4d5b0474&ps=82dc5187&shp=30310797&shcp=65db1d19&idc=my,True,US,en,0,407,24578313,6840,908228,57,1622177556,1774404184
7835848,MS4wLjABAAAA1c2PR-vaVMl8C9GMrMZpKii3MwD8tfavNmGcvj44IGg,jeremylynch,JeremyLynch,Content Creator,https://p16-sign-va.tiktokcdn.com/tos-maliva-avt-0068/377ca5291c5957aa43f18562312e27ea~tplv-tiktokx-cropcenter:1080:1080.webp?dr=14635&refresh_token=1058adfe&x-expires=1774490400&x-signature=T3AjijKkCTF0g2RcMoDjgjgnA%2FY%3D&t=4d5b0474&ps=82dc5187&shp=30310797&shcp=65db1d19&idc=my,True,GB,en,0,1520,627091961,14020,27758240,520,1440887887,1774404184
6732625738320774150,MS4wLjABAAAAk_Gy3G_m2NXXjAy7SJXgpeOI9colaszG8vi8rBiqOIfYA0X_8AOe9pppX2QvxYUK,jehvong,Jehvon,"Toronto 
Collabs: jehvong101@outlook.com
⬇️1-on-1 Coaching Application⬇️",https://p16-sign-va.tiktokcdn.com/tos-maliva-avt-0068/d335da9d606a7d91dac53c6ca9879d65~tplv-tiktokx-cropcenter:1080:1080.webp?dr=14635&refresh_token=63cd0199&x-expires=1774490400&x-signature=zR%2FoVOO3e651Xxqlk7F8I%2FJICA8%3D&t=4d5b0474&ps=82dc5187&shp=30310797&shcp=65db1d19&idc=my,False,CA,en,0,1364,41079724,81007,2181662,267,1567561895,1774404184
6714731629678085125,MS4wLjABAAAAN-SRrThIjPMJvp3ZZk1_xb8OICYuYPmykdHGSr-NKGzHCd3SXmMCq9D3BF035oWU,daveardito,Dave Ardito,Real Life Anime Character🔥,https://p19-common-sign-useastred.tiktokcdn-eu.com/tos-useast2a-avt-0068-euttp/a7e6eeab00ca18deeda5ff5e91b7ceb8~tplv-tiktokx-cropcenter:1080:1080.webp?dr=14635&refresh_token=731ee706&x-expires=1774490400&x-signature=xnOZnUpmV8ExT%2Be91dwxVolGJYk%3D&t=4d5b0474&ps=82dc5187&shp=30310797&shcp=65db1d19&idc=my,False,DE,en,0,444,249687799,25838,9947595,141,1563366656,1774404184
6665036207858368518,MS4wLjABAAAAgeQDnDejRVpwXoGlesSJOftiq8Qx4fFS8O_JbdnEP1soaYxiPwEHTTaCc8VYQ0kN,blakegray,Blake Gray,,https://p16-sign-va.tiktokcdn.com/tos-maliva-avt-0068/2456729a67ecf1628be807df8924a06d~tplv-tiktokx-cropcenter:1080:1080.webp?dr=14635&refresh_token=b1b49cdc&x-expires=1774490400&x-signature=uCXf%2Bc5DCYW1TgqwZLFpqZjHLMo%3D&t=4d5b0474&ps=82dc5187&shp=30310797&shcp=65db1d19&idc=my,True,US,en,0,1100,490302287,4658,9116222,3102,1563399551,1774404184
6756320372302234630,MS4wLjABAAAA6WoRCoKYIp_Ocx999Wj0298cw5tS-QoAQ0NW7y04NsgcsRgn5NBA-HAGi3OFD1T1,benedettaa.delucaa,Benedetta DeLuca,trovi le mie stole qui 👇🏽,https://p16-sign-va.tiktokcdn.com/tos-maliva-avt-0068/3dd0726e6d7d6f87142a13d5ea251964~tplv-tiktokx-cropcenter:1080:1080.webp?dr=14635&refresh_token=202dc454&x-expires=1774490400&x-signature=PO47Y6d%2BFYT2bpSJT%2FLczzyDQNA%3D&t=4d5b0474&ps=82dc5187&shp=30310797&shcp=65db1d19&idc=my,False,IT,it,0,2569,7392941,106187,596270,241,1573049847,1774404184
6773382769612964869,MS4wLjABAAAAuoMDtwl8eDSzyKLAc3P3s4g4VHmduhW0eoOXAv3_9u-r2vfOt3T-2spWaKvvqcFk,federerso,CreationFlowita,Su questo profilo di tiktok si parlerà soltanto di musica pura buona visione,https://p16-sign-va.tiktokcdn.com/tos-maliva-avt-0068/5e157710a65d63d25bb2d2e7f8fdd81c~tplv-tiktokx-cropcenter:1080:1080.webp?dr=14635&refresh_token=37afd7ea&x-expires=1774490400&x-signature=zaAhKtcHbNnAwoQqLMUhrCNpwqI%3D&t=4d5b0474&ps=82dc5187&shp=30310797&shcp=65db1d19&idc=my,False,IT,it,0,409,560458,46529,274218,340,1577130583,1774404184
6783082657195721733,MS4wLjABAAAAt8aWXJ0q2kfYX8jLJ4oZqcsgktz1nc8kcGhYyUeEA4WnOyFUikEYA6KJ-zdX8ONM,mariocarus.o,Mario Caruso,In elenco AGCOM,https://p16-sign-va.tiktokcdn.com/tos-maliva-avt-0068/20518a8ab24ca63de69fed85c8c2d094~tplv-tiktokx-cropcenter:1080:1080.webp?dr=14635&refresh_token=cdfb37c3&x-expires=1774490400&x-signature=Izgaln6BKJBZM8FDWkNGfUwyQZ0%3D&t=4d5b0474&ps=82dc5187&shp=30310797&shcp=65db1d19&idc=my,False,IT,it,0,537,45498614,12319,1087646,255,1579280898,1774404184
168541398546182144,MS4wLjABAAAAMTSBCxTaYvqbcRpT924iKILvChaXJEW2t8QEMK3s5NtXENf85cwPjT-biAUnsUfb,shakira,Shakira,#LMYNLWorldTour,https://p16-sign-va.tiktokcdn.com/tos-maliva-avt-0068/65b183fa8d92591f661413e49a068b74~tplv-tiktokx-cropcenter:1080:1080.webp?dr=14635&refresh_token=98717d00&x-expires=1774490400&x-signature=AF1A76d0gm6mM1W%2FyoSWTjjWi5Y%3D&t=4d5b0474&ps=82dc5187&shp=30310797&shcp=65db1d19&idc=my,True,US,en,0,396,341087847,2737,42867394,71,1480554934,1774404184
6792899564396987398,MS4wLjABAAAApSRrpfFcPRq8SArvhnwszWMGPWoMFw9LDs0OHOSbugFKOTJc7rN1s6NOQ4OVeF4V,itskingchris,KingChristian,"This world shall know Swag🥶🥵💧
Mail: kingchris@ins.gg
👇Socials👇",https://p16-sign-va.tiktokcdn.com/tos-maliva-avt-0068/1a0c09de08261b98eb8d8c08fda62162~tplv-tiktokx-cropcenter:1080:1080.webp?dr=14635&refresh_token=798dc66c&x-expires=1774490400&x-signature=SMGSNn2pPQSF5JEiBxyxfX9GvFo%3D&t=4d5b0474&ps=82dc5187&shp=30310797&shcp=65db1d19&idc=my,False,US,en,0,1615,659117637,6219,20387598,69,1581641695,1774404184
6738620329851470849,MS4wLjABAAAARuyFeALRkJ8cuHEW75U8YWG7A0uvnT-628u8a54R_2efiQQx-fyanXOZD2UPxKD6,vietmyusa,𝐕𝐢𝐞̣̂𝐭 𝐌𝐲̃ ✏️,Contact work: vietmyusa33@gmail.com,https://p16-sign-sg.tiktokcdn.com/tos-alisg-avt-0068/fd6d6bb951e492245f8d72eb91ee846c~tplv-tiktokx-cropcenter:1080:1080.webp?dr=14635&refresh_token=f1b54e59&x-expires=1774490400&x-signature=v2mq8IFejcUrL1anE0lcR8SAj%2Bo%3D&t=4d5b0474&ps=82dc5187&shp=30310797&shcp=65db1d19&idc=my,True,VN,vi,0,414,188005218,1804,9011738,138,1569005641,1774404184
132667022575992832,MS4wLjABAAAAYbp6OaRgezXn4Bp5dmoM2dfBYOASM9M5I3bMLpjp0OdD7Y6JLua2DSAs1EUaVJ45,jbalvin,J Balvin,Pre-save PAL AGUA👇,https://p16-sign-va.tiktokcdn.com/tos-maliva-avt-0068/6b4c9b35a101f33fa97981a7739549b7~tplv-tiktokx-cropcenter:1080:1080.webp?dr=14635&refresh_token=5fd99d08&x-expires=1774490400&x-signature=t9ODgMlW%2B8ejyOB6uvp4ZpXlyIw%3D&t=4d5b0474&ps=82dc5187&shp=30310797&shcp=65db1d19&idc=my,True,US,en,0,409,173469376,3095,22562187,9,1471972998,1774404184
6807456665559335942,MS4wLjABAAAAoQH8aGJ7jB3MLo2lhipbKL_4eyIOLIaD3CXVz8sViKrALi77zERH2kUH4dVwqfJO,official_zakinho,official_zakinho,"Info&collab: zakinho@anc.pro
⬇️ ""ZEBRAS x JUVENTUS🦓"" fuori ora ⬇️",https://p16-sign-va.tiktokcdn.com/tos-maliva-avt-0068/4b03b9684ffd5a529da0032a76b0816e~tplv-tiktokx-cropcenter:1080:1080.webp?dr=14635&refresh_token=cfef723a&x-expires=1774490400&x-signature=MBZiDdDuIsu8REPF168EhwsGsX4%3D&t=4d5b0474&ps=82dc5187&shp=30310797&shcp=65db1d19&idc=my,False,IT,it,0,1660,157146169,1218,2530984,37,1584984979,1774404184
6968116382266311685,MS4wLjABAAAAmDJhLb6hzn2vao7naCTCgS1qp8xKS9kMP1UiXAdw2ezQ11uLmD8c7mBn2iW-JLhu,romoloandrea,RomoloAndrea,,https://p16-sign-va.tiktokcdn.com/tos-maliva-avt-0068/bb879ca678ab8db18b5f212c0dd54a12~tplv-tiktokx-cropcenter:1080:1080.webp?dr=14635&refresh_token=49e8ccdf&x-expires=1774490400&x-signature=q%2B%2BKRZTW1ihidBlyi0zsrz6QaK4%3D&t=4d5b0474&ps=82dc5187&shp=30310797&shcp=65db1d19&idc=my,False,IT,it,0,8,4240,76,215878,31,1622397971,1774404184
6883179467151393794,MS4wLjABAAAAYKLeB60P3q0AZYpuqUSu5TEpLoRFvsUPbFCgfNRPeEL0XmlEiY9zVGEnA-HHH8Ra,labbruttaggente,LABBRUTTA GGENTE,BBrutti cartoni per BBrutte persone.,https://p16-sign-sg.tiktokcdn.com/tos-alisg-avt-0068/135d77fa64d18058dafd6f03f96bc350~tplv-tiktokx-cropcenter:1080:1080.webp?dr=14635&refresh_token=a5cd3b97&x-expires=1774490400&x-signature=4TU1dcR6aXeMMREe%2B1IWCcRc%2BXw%3D&t=4d5b0474&ps=82dc5187&shp=30310797&shcp=65db1d19&idc=my,False,IT,it,0,130,8042973,2395,675003,51,1602615306,1774404184
6709229119614534661,MS4wLjABAAAALJ8KgLNt4pOq0tHw_Qom-herGZFzOQpUoVuBxBYLTDvj2PHFZC4w-u7RcRdlcVvH,samuellgeronimoo,oɯıuoɹǝ⅁ lǝnɯɐS,"E-mail 📧
Jaccabrando1@gmail.com",https://p19-common-sign-useastred.tiktokcdn-eu.com/tos-useast2a-avt-0068-euttp/d81b6096c63bbeea4420e700ab533eb9~tplv-tiktokx-cropcenter:1080:1080.webp?dr=14635&refresh_token=a0f86ca6&x-expires=1774490400&x-signature=NG%2FO3XxfwqFwVaa1ijhJkn9rB5A%3D&t=4d5b0474&ps=82dc5187&shp=30310797&shcp=65db1d19&idc=my,False,NL,en,0,16,24530684,60874,1104371,778,1577406225,1774404184
107955,MS4wLjABAAAAv7iSuuXDJGDvJkmH_vz1qkDZYo1apxgzaxdBSeIuPiM,tiktok,TikTok,One TikTok can make a big impact,https://p16-sign-va.tiktokcdn.com/tos-maliva-avt-0068/ba67b11de451691939223e9d978e613a~tplv-tiktokx-cropcenter:1080:1080.webp?dr=14635&refresh_token=0a5c85b9&x-expires=1774490400&x-signature=e%2BPzHY2R3bK9MqCZfxmNgJ%2BIYUw%3D&t=4d5b0474&ps=82dc5187&shp=30310797&shcp=65db1d19&idc=my,True,US,en,0,1485,456252705,3561,93422654,3,1425144149,1774404184
6864921424634266625,MS4wLjABAAAAkVwJsoibPPfrzJXNYMBCSb0vCPoVhONpheOSpucsEKjr0oUyPSH9Swzv0OxOAq0g,alessandrodelpiero,Alessandro Del Piero,,https://p9-sign-sg.tiktokcdn.com/tos-alisg-avt-0068/217a42a460ac36af6c63738b3f0a073f~tplv-tiktokx-cropcenter:1080:1080.webp?dr=14635&refresh_token=0783fa30&x-expires=1774490400&x-signature=S034m8vBkhKJBSg4F9%2FwJ5xH5TI%3D&t=4d5b0474&ps=82dc5187&shp=30310797&shcp=65db1d19&idc=my,True,US,it,0,83,6202942,825,1347275,13,1598335372,1774404184
6899830413591626753,MS4wLjABAAAAP7PXgDTtvJEdSQ60r_kCgHn3UQrsTncra6I2_iW2Qqp_dCrVGbnuktAZ7PwsN8Ui,lucatoniofficial,Luca Toni,Siamo al Top!!,https://p16-sign-sg.tiktokcdn.com/tos-alisg-avt-0068/7347093502536187906~tplv-tiktokx-cropcenter:1080:1080.webp?dr=14635&refresh_token=d5b126a1&x-expires=1774490400&x-signature=G2GmTgDyDF73iFcil%2BCJPqYeA%2Bw%3D&t=4d5b0474&ps=82dc5187&shp=30310797&shcp=65db1d19&idc=my,True,DE,it,0,13,769941,219,637693,19,1606492457,1774404184
6539853526925841423,MS4wLjABAAAAiGb8Q0kNIr7hAamylsgJcqAFs7OUVuhBY6NCpHt6ujbxheY7Y0Hpc15V6mgUxjaN,dixiedamelio,dixie,inquiries@dixiedamelio.com,https://p16-sign-va.tiktokcdn.com/tos-maliva-avt-0068/5e5057dc299fb57119c5700efec3ad97~tplv-tiktokx-cropcenter:1080:1080.webp?dr=14635&refresh_token=6f8fdbf6&x-expires=1774490400&x-signature=Pe2MFvqqkCtOYcLKWw%2B4i%2BWhIZ4%3D&t=4d5b0474&ps=82dc5187&shp=30310797&shcp=65db1d19&idc=my,True,US,en,0,666,3336838920,58291,54150261,186,1522678354,1774404184
7012350,MS4wLjABAAAAfUyxhbZFm9rYFiS5jd-dRCsbp3jb7Bwicqy-gssK4oY,kingbach,KingBach,Tickets to live comedy show @ kingbach.com,https://p16-sign-va.tiktokcdn.com/tos-maliva-avt-0068/09a3cbfe2ce97f1bd111a762b03b61c2~tplv-tiktokx-cropcenter:1080:1080.webp?dr=14635&refresh_token=6965e61f&x-expires=1774490400&x-signature=ZC5X32bliN5wzNo%2BvKI9geOf2oo%3D&t=4d5b0474&ps=82dc5187&shp=30310797&shcp=65db1d19&idc=my,True,US,en,0,1262,476376066,2399,28350604,1378,1440236268,1774404184
6831122222914405381,MS4wLjABAAAA-Znzr9yJRdH602wysZLsIS3AyFfrWfIXVN-12wEXxzbb16tx-BGhBG9vSpP4PtPE,instintoecoscienza,Instintoecoscienza,"Mindfulnes & Vivere Bene✨
  Proteggi la tua pace
✈️ Viaggia con  Staykeasy👇",https://p16-sign-va.tiktokcdn.com/tos-maliva-avt-0068/f62e7f0c956ddab14782243cfc592519~tplv-tiktokx-cropcenter:1080:1080.webp?dr=14635&refresh_token=a48a4b22&x-expires=1774490400&x-signature=9gqWtrF0MUobjO2DvEBsUt0by2w%3D&t=4d5b0474&ps=82dc5187&shp=30310797&shcp=65db1d19&idc=my,False,IT,it,0,805,2838757,16026,340312,258,1590495856,1774404184
6766911181221725190,MS4wLjABAAAA57T0m7wcOvbjXS7PyBmTzD8nmnEYc6jMWbRlNLzCn23p-Sdg9UXTqF0lM0C4dimD,douglascosta,douglascosta,Pai de 3 😻,https://p16-sign-va.tiktokcdn.com/tos-maliva-avt-0068/7323386329814073350~tplv-tiktokx-cropcenter:1080:1080.webp?dr=14635&refresh_token=9d25adde&x-expires=1774490400&x-signature=ifsJwelhiuPqWbkKNL0ZX3u%2B10s%3D&t=4d5b0474&ps=82dc5187&shp=30310797&shcp=65db1d19&idc=my,True,IT,pt,0,229,19503970,1442,2454866,122,1575592059,1774404184
6768500973936051206,MS4wLjABAAAAll5W6rnqN6zQOmvRP7no8BXGXSmMhkIkJchbUFsBBNkacaEqBmABcaf2WuPUSa1g,tony.berry,TonyBerry,"📍Roma,viale Appio Claudio 290📧 Info e collab⤵️ tonyberry.barartist@gmail.com
In elenco AGCOM",https://p19-common-sign-useastred.tiktokcdn-eu.com/tos-useast2a-avt-0068-giso/a4ae84c543c21c57445b0cf465871f9d~tplv-tiktokx-cropcenter:1080:1080.webp?dr=14635&refresh_token=ace3119a&x-expires=1774490400&x-signature=7OSfdeY7MTHThi1aOjF6Ey2ZsU0%3D&t=4d5b0474&ps=82dc5187&shp=30310797&shcp=65db1d19&idc=my,True,IT,it,0,2389,30265946,1609,1982806,229,1580574121,1774404184
6707853118875059206,MS4wLjABAAAAT7EgiiyNgdao8MCWNR4lsRutSeDx9skRcbzo3MCEkTS9MJyWOof_fCzF8QDg3w5N,tiktokofbanana,Tiktokofbanana,"🍌IG @shadesofbanana
✉️ bananasmgmt@gmail.com
🎶 SPOTIFY 🎶 👇🏽",https://p16-sign-va.tiktokcdn.com/tos-maliva-avt-0068/87e8acc030823d11c3516378ebbdee31~tplv-tiktokx-cropcenter:1080:1080.webp?dr=14635&refresh_token=80c75674&x-expires=1774490400&x-signature=0G9DzQ5MkZ9t5s6rnZ18KU7ePZE%3D&t=4d5b0474&ps=82dc5187&shp=30310797&shcp=65db1d19&idc=my,True,IT,it,0,4714,120956790,23056,2107218,1331,1561765050,1774404185
6680064953347621894,MS4wLjABAAAABm_MNr7ltPnKgmONAYP8xjV3PopoxlWGlCCQ0thGiWDAWrWd6CFTQfPsxBlvqo4P,arnaldomangini,Arnaldo Mangini,"Forbes Top Creator 2025 ✨
Best LIVE Creator - TikTok Awards 2025 🏆
➡️ Live daily 12–1 PM CET | 🇺🇸 6–7 AM ET / 3–4 AM PT | 🇯🇵 8–9 PM JST
In elenco Agcom",https://p16-sign-va.tiktokcdn.com/tos-maliva-avt-0068/e175e542b16410247f974bf8dcaeaee3~tplv-tiktokx-cropcenter:1080:1080.webp?dr=14635&refresh_token=323f9b1c&x-expires=1774490400&x-signature=%2FEqiha3td9yZRTd%2Bc6GtkvJDRu4%3D&t=4d5b0474&ps=82dc5187&shp=30310797&shcp=65db1d19&idc=my,True,IT,it,0,2372,277513723,18660,36150907,208,1555324028,1774404185
6890284111148844034,MS4wLjABAAAAu_VSM7aWAtoOGRKPRyCTOCt61sW8R6kshWMHJXrPMLFTgu1i0F89UVKwa5-D7EEy,fonzo1996,Fonzo,"FONZONE
📧COLLAB: fonzocollab@gmail.com
IN ELENCO AGCOM",https://p16-sign-va.tiktokcdn.com/tos-maliva-avt-0068/3079260d9d0a106555fc51454ee0c085~tplv-tiktokx-cropcenter:1080:1080.webp?dr=14635&refresh_token=f119cc1d&x-expires=1774490400&x-signature=oK8QPPJQfM52NFCI2ASev%2FHgkYk%3D&t=4d5b0474&ps=82dc5187&shp=30310797&shcp=65db1d19&idc=my,False,IT,it,0,4148,38262643,32493,781913,791,1604269499,1774404185
196440661431398400,MS4wLjABAAAAxof08Pbh1G7DMTAaf__fSI0z-mPaE2EgsNi6NN1Rr__MV4oaE9DgISBWjj3l1aim,nick_radogna,Nick Radogna,"Provo gadget, cibi, viaggi ed esperienze
IG e YT: @nick_radogna
nickradogna.info@gmail.com
in elenco AGCOM",https://p19-common-sign-useastred.tiktokcdn-eu.com/tos-useast2a-avt-0068-euttp/d8489bf57cf0e942f59200e76ab66523~tplv-tiktokx-cropcenter:1080:1080.webp?dr=14635&refresh_token=d70c5c51&x-expires=1774490400&x-signature=ReKUfy%2FbbdMEk5V0udV%2F6uhDeFM%3D&t=4d5b0474&ps=82dc5187&shp=30310797&shcp=65db1d19&idc=my,True,US,it,0,780,39300379,17638,2334782,62,1487177818,1774404185
81983845486452736,MS4wLjABAAAAhnAUkfm6C8W9utt4PZJK9V1kxDl8c6sKAbn3Vg-c5u1DOEVDszhSXv7h-R-bioGF,fatimaniang,Fatima Niang,,https://p16-sign-va.tiktokcdn.com/tos-maliva-avt-0068/bac1d09e4f1450457f7295f5029467df~tplv-tiktokx-cropcenter:1080:1080.webp?dr=14635&refresh_token=bb5dbf24&x-expires=1774490400&x-signature=FYsUPTMCDEnsyMkKOzfEVSLOIe0%3D&t=4d5b0474&ps=82dc5187&shp=30310797&shcp=65db1d19&idc=my,False,IT,it,0,31,30548,61028,190440,1445,1459917987,1774404185
6820885259275305990,MS4wLjABAAAAQzBcyZz4I6YTvTfSi4M_45qx6ixlHn3QTI8x5ysjEOg2xqGOjbqBnrUspECFMiwf,carreraalessandro,Alessandro💎 Carrera💎,Ogni vera storia è sempre autobiografica.,https://p16-sign-va.tiktokcdn.com/tos-maliva-avt-0068/9f853b8cf4f2ec2b8a45eb6447eb3b28~tplv-tiktokx-cropcenter:1080:1080.webp?dr=14635&refresh_token=84243370&x-expires=1774490400&x-signature=2bWmJnQ3U5rrc3YerpaUGLkFFhw%3D&t=4d5b0474&ps=82dc5187&shp=30310797&shcp=65db1d19&idc=my,False,IT,it,0,859,204677,46226,184582,767,1588082636,1774404185
6718157381400642566,MS4wLjABAAAATnn855SZQbSAp7a401D5I25Qu1Mq7X0RIwM-SYx0mnlcQojomHyz_iOUUzz44PcH,simleysimo,Simley Simo,#goodvibesonly,https://p16-sign-sg.tiktokcdn.com/tos-alisg-avt-0068/099d47d33df3387b6020d88f38a295d3~tplv-tiktokx-cropcenter:1080:1080.webp?dr=14635&refresh_token=6b259e6d&x-expires=1774490400&x-signature=1ykVIZNe9y0ZiPCvNwynuQLakHM%3D&t=4d5b0474&ps=82dc5187&shp=30310797&shcp=65db1d19&idc=my,False,IT,it,0,18,2459,21996,171521,515,1572262983,1774404185
6779428716964725765,MS4wLjABAAAAI798yHVtnu44mYnjSsxhg5oj_J_0Gmxq8SH8efLGlI5g2XMmbSxNI-uEzyJdC3S-,esportpalace,EsportPalace,Testiamo prodotti e facciamo video divertenti. E vendiamo pc @Ak Informatica,https://p16-sign-va.tiktokcdn.com/tos-maliva-avt-0068/7328627428568088582~tplv-tiktokx-cropcenter:1080:1080.webp?dr=14635&refresh_token=ac061f57&x-expires=1774490400&x-signature=H0F9LFTt6mbTM4KZl3MtPpfjstw%3D&t=4d5b0474&ps=82dc5187&shp=30310797&shcp=65db1d19&idc=my,False,IT,it,0,5948,91830517,26239,1883977,43,1578685784,1774404185
6741015091896910854,MS4wLjABAAAAQCHzlkmk5MRJNS2s8Y_PGhD6hC83dJft7rB-B8GazX6suAMGE1-DW1GTb8vJibB7,rafael.nistor,rafael.nistor,Collaborazioni: rafael@anc-network.com,https://p16-sign-va.tiktokcdn.com/tos-maliva-avt-0068/ecb220a31fc8389417290bb41026445e~tplv-tiktokx-cropcenter:1080:1080.webp?dr=14635&refresh_token=61346484&x-expires=1774490400&x-signature=jlcbTix10ajDN3R1F5hTI2lSDII%3D&t=4d5b0474&ps=82dc5187&shp=30310797&shcp=65db1d19&idc=my,False,IT,it,0,1406,189060996,2944,8199274,471,1569515044,1774404185
94954949435879424,MS4wLjABAAAAYh8_AUVAl7z8bgvqSetB3CfL_6C-rPYtFtMvu9g1PFus1Vd8h3zNP5XHkcrhoDnO,fortuneduru,Fortune Duru,"CEO of African Accent
Twitter: @Durucash1",https://p16-sign-va.tiktokcdn.com/tos-maliva-avt-0068/c481750e563596ccccd932aaa94b1c2d~tplv-tiktokx-cropcenter:1080:1080.webp?dr=14635&refresh_token=aebe68b9&x-expires=1774490400&x-signature=hvHZp7oga6GMJ6yxw0jV1VzRvvw%3D&t=4d5b0474&ps=82dc5187&shp=30310797&shcp=65db1d19&idc=my,False,IT,en,0,1013,15786399,191871,457064,144,1462981739,1774404185
109059246834548736,MS4wLjABAAAAdwXdIZy9kGOlTrc80r-iyaz9FycoZAke00GRKi2SKTsmvNjxHeT_G2gHuKTv5Woh,gioffy,Gioffy,"Gioffyna su Twitch👾
Instagram:@supergioffy🌹
Collab: gioffynatv@gmail.com✨
In elenco AGCOM🦆",https://p19-common-sign-useastred.tiktokcdn-eu.com/tos-useast2a-avt-0068-euttp/b7261b28cdaa6a45f15b1d534e4db9f8~tplv-tiktokx-cropcenter:1080:1080.webp?dr=14635&refresh_token=2ab48515&x-expires=1774490400&x-signature=ygteeFAqMkaO9%2BFcTMb%2Fy5xkw2Q%3D&t=4d5b0474&ps=82dc5187&shp=30310797&shcp=65db1d19&idc=my,False,IT,it,0,1070,30162193,84768,1048393,398,1466344466,1774404185
21667838,MS4wLjABAAAAr2lx1P-6508TUSp1AzKO7bfq7SFOLHAG-vD7rnX3FXM,chaimaacherbal,Chaimaa Cherbal,📩 chaimaa.management@gmail.com,https://p16-sign-va.tiktokcdn.com/tos-maliva-avt-0068/b508f0514c03b10a191100a65fcbe950~tplv-tiktokx-cropcenter:1080:1080.webp?dr=14635&refresh_token=c52b3908&x-expires=1774490400&x-signature=KdDpNaR7w43dO1C%2B6RdFh%2Bkz6qQ%3D&t=4d5b0474&ps=82dc5187&shp=30310797&shcp=65db1d19&idc=my,True,IT,it,0,2484,312617832,103020,4672000,2440,1450184444,1774404185
6752924643546121222,MS4wLjABAAAA8xXdSCzIKD7V5_5ZZfil-ceVtgXcrsr27AoY0M-reS4c8GPuqj-pj-CzHVbK01Uh,osama.zaifri,Osi.,Collab :osamazaifri02@icloud.com,https://p16-sign-va.tiktokcdn.com/tos-maliva-avt-0068/985b24c6e1a3374db912b430ecd93dce~tplv-tiktokx-cropcenter:1080:1080.webp?dr=14635&refresh_token=0b68b3fb&x-expires=1774490400&x-signature=9rjpcqDYgY%2Fto%2FU6tDNsn6wsdxU%3D&t=4d5b0474&ps=82dc5187&shp=30310797&shcp=65db1d19&idc=my,False,IT,it,0,315,65053,108289,155054,107,1572288007,1774404185
6745107737787515910,MS4wLjABAAAAKYP0GWN-ZqcaRACH8dk3Rru0FQFGUcYynE95PW6joOEXboehKUuw8f9fCFnRdY2k,fishball__,fishball,BBA feat Armando Castillo video👇🏼👇🏼,https://p16-sign-va.tiktokcdn.com/tos-maliva-avt-0068/36a23c0aad2a717f86efcfa244553975~tplv-tiktokx-cropcenter:1080:1080.webp?dr=14635&refresh_token=141d742e&x-expires=1774490400&x-signature=NIlSc0OuhujLTLTs6M%2BfIGX5gEo%3D&t=4d5b0474&ps=82dc5187&shp=30310797&shcp=65db1d19&idc=my,True,CH,it,0,2865,131890242,13639,2137165,401,1570467858,1774404185
6753671370452419590,MS4wLjABAAAABiS5-6Qm_OJ07wwxo-aZqexaKAUzesY1jwbDWT0_SlA832Z6CCdGenYJnPPgokJ7,ilgiannega,ilgiannega,Se ti piacciono gli sport di ogni tipo qui ne porteremo molti a motori e senza!!,https://p19-common-sign-useastred.tiktokcdn-eu.com/tos-useast2a-avt-0068-euttp/e77a52d90ec167aad457b8f4eefb65c6~tplv-tiktokx-cropcenter:1080:1080.webp?dr=14635&refresh_token=be94cf81&x-expires=1774490400&x-signature=n%2Bf8ZZB1tfe35LnzmHmYAbuRa4k%3D&t=4d5b0474&ps=82dc5187&shp=30310797&shcp=65db1d19&idc=my,False,IT,it,0,25,13640,3489,147193,47,1602697587,1774404185
6716280018102993925,MS4wLjABAAAALLvT-iYNY-PO5Lv4IFRY40D2fagyrTPkLqo9ZbO44yXm9ZiN4brVjjjYZ5wGCfJ5,fedeasso,Asso,"Intervisto, interagisco, intrattengo🎤
In elenco AGCOM accanto ai surgelati🧊
A proposito...Per comprarmi📧
fedeasso@rezetmedia.com",https://p16-sign-va.tiktokcdn.com/tos-maliva-avt-0068/06a3522d8bbf49f36d867accf1e7a549~tplv-tiktokx-cropcenter:1080:1080.webp?dr=14635&refresh_token=892e761c&x-expires=1774490400&x-signature=BLgze4nnnIz5raJ1FsqQIdwDfwg%3D&t=4d5b0474&ps=82dc5187&shp=30310797&shcp=65db1d19&idc=my,True,IT,it,0,2861,219237774,61199,2893430,1126,1569067303,1774404185
6706834398408573958,MS4wLjABAAAA_rBimUuYKhZXUnOJdAt2KdJ8Yw4jIhRTNEDtQi9A2ycjLgia6BTc4OHfUnIrR56V,miglietz,Miglietz,"CEO DEL balletto
300k✅ 🗿
instagram: riki.miglietz",https://p16-sign-va.tiktokcdn.com/tos-maliva-avt-0068/2eed3bfce4d6ce2711ac3e08a1e73d3b~tplv-tiktokx-cropcenter:1080:1080.webp?dr=14635&refresh_token=31fe3633&x-expires=1774490400&x-signature=KW5kgyD8YQK8lDvSRa38dpi181g%3D&t=4d5b0474&ps=82dc5187&shp=30310797&shcp=65db1d19&idc=my,False,IT,it,0,1229,16251200,391523,347872,752,1561556707,1774404185
6797799739002717190,MS4wLjABAAAAuKEiJYAvyA4D2Mu4lcKW-o82WTElW06y3wu3cHKeYuxGWLL1XmljrboWwjb1Tqwp,locobarber.03,locobarber.Pk,"Parkour / barber
Secondo profilo @realoco.03
Instagram:@realoco.03",https://p19-common-sign-useastred.tiktokcdn-eu.com/tos-useast2a-avt-0068-euttp/1cc399f17007e6a06820a9fdc80c2ffc~tplv-tiktokx-cropcenter:1080:1080.webp?dr=14635&refresh_token=82cfffe2&x-expires=1774490400&x-signature=t5STuxmtopacx2tYRYzLB%2F%2FvByU%3D&t=4d5b0474&ps=82dc5187&shp=30310797&shcp=65db1d19&idc=my,False,IT,es,0,27,6050,86688,146201,1919,1582737780,1774404185
106473146949435392,MS4wLjABAAAA9W4XN_k-jMN6eBY6G8RXDmYfyUG7GjPktvJwAz8O3kKWQifjJS8hodg8norx9wXT,saimon_mh,Simone Vandelli,"Vediamo come si fa!
📥: saimon@rezetmedia.com
In elenco AGCOM
La mia vetrina⤵️",https://p19-common-sign-useastred.tiktokcdn-eu.com/tos-useast2a-avt-0068-euttp/d34680dc82654a0fa4c05cc3fa9368e3~tplv-tiktokx-cropcenter:1080:1080.webp?dr=14635&refresh_token=a9b79398&x-expires=1774490400&x-signature=vqU6bvnZwNJDTm5tai0EbUI1GJI%3D&t=4d5b0474&ps=82dc5187&shp=30310797&shcp=65db1d19&idc=my,True,JP,it,0,2277,147200147,88956,2407474,203,1465756691,1774404185
6707970021714396165,MS4wLjABAAAAhtVLtOZSlf_I2aECsAZBBiHN1SKhIhs_4Tk59j68oaPRMFk2Tlc7M26rUjMDmqVQ,kalvin_yt,KALVIN,Mia mamma mi dice che sono simpatico.,https://p19-common-sign-useastred.tiktokcdn-eu.com/tos-useast2a-avt-0068-euttp/7328022170423017505~tplv-tiktokx-cropcenter:1080:1080.webp?dr=14635&refresh_token=0d1f4da5&x-expires=1774490400&x-signature=yaRBOVTszoj2UM2hv3VOC7O%2FIWo%3D&t=4d5b0474&ps=82dc5187&shp=30310797&shcp=65db1d19&idc=my,False,IT,it,0,2802,3439366,12380,222149,11,1584714992,1774404185
6817561204165788677,MS4wLjABAAAAh8q6wVVXus1fbxw-J5HCNsyXJo66GPKXrqJXGK4JBuoEvVthE5cvqXDxr7_5fbUc,dudu.lame,Dudu Lame,"🇸🇳
Questo è Dudu..🎶",https://p16-sign-va.tiktokcdn.com/tos-maliva-avt-0068/e6be7bc7670464ba7430f1591ea68732~tplv-tiktokx-cropcenter:1080:1080.webp?dr=14635&refresh_token=df4ec9b4&x-expires=1774490400&x-signature=R7IjmD5RMfzNqrFhqYfcNLTYAYk%3D&t=4d5b0474&ps=82dc5187&shp=30310797&shcp=65db1d19&idc=my,False,IT,it-IT,0,14,24855,666,151457,90,1589394703,1774404185
6732736164275799046,MS4wLjABAAAAykQYC-fuayhvWzWD3iFsVSkiNNIpAO3D1QG_JYb12R8rn8hy6FYlpKzgPThiYRTI,isabo.ita,isabo,Ho solo @finessemotion in testa,https://p16-sign-va.tiktokcdn.com/tos-maliva-avt-0068/30a3ba1e92560f0996d2b9ff59b3fa8e~tplv-tiktokx-cropcenter:1080:1080.webp?dr=14635&refresh_token=eb8762e8&x-expires=1774490400&x-signature=vOkQfnYLArmfcpgz%2BTlQMV9yhSU%3D&t=4d5b0474&ps=82dc5187&shp=30310797&shcp=65db1d19&idc=my,False,IT,it,0,1858,62482709,8456,1563967,292,1567558602,1774404185
6584062422729146374,MS4wLjABAAAA-gGputd1XiBJWyVNI5JSuGLJNF89GQkXFBc4npIOy2_NQiDc0nKSyE_QYCQsevVa,kevin.believe,Kevin Believe,"Scherzo, Faccio imprese folli e VIVO LA VITA
Collab : kevin.guzzetti@gmail.com",https://p16-sign-va.tiktokcdn.com/tos-maliva-avt-0068/d7ac2501a2c007fb9a8c20ec639c9a0a~tplv-tiktokx-cropcenter:1080:1080.webp?dr=14635&refresh_token=3f5fb23d&x-expires=1774490400&x-signature=NQ%2F5D91HFMfW5FB2kzJPRDVr2hk%3D&t=4d5b0474&ps=82dc5187&shp=30310797&shcp=65db1d19&idc=my,True,IT,it,0,532,16017221,2348,918985,60,1533319671,1774404185
6592701987170484229,MS4wLjABAAAAB61pn6qQfi5OAiXB18ZDnYkYjyBaDL4efsNQkYMRVwGqjDKaGyUS4PHXrdIOGbJl,francescorotella,Francesco rotella,IG : rotella_francesco,https://p16-sign-va.tiktokcdn.com/tos-maliva-avt-0068/a76292b1456ec3fea9c894d6d5f31f98~tplv-tiktokx-cropcenter:1080:1080.webp?dr=14635&refresh_token=2eb72285&x-expires=1774490400&x-signature=%2Fp9TXB%2Fg1m%2B0DVPkCz%2BipfnO5VY%3D&t=4d5b0474&ps=82dc5187&shp=30310797&shcp=65db1d19&idc=my,False,IT,it,0,0,4645,8939,142483,21,1534984722,1774404185
18048395,MS4wLjABAAAARmGklCpOcesYH3wJ5ITVgx5rXV3fMY5OKr2aBl_smZU,gagliardi38,Chri,"𝙲𝚑𝚛𝚒𝚜𝚝𝚒𝚗𝚊 🧿🐆
To, Italy 🇮🇹",https://p16-sign-va.tiktokcdn.com/tos-maliva-avt-0068/c08cc937dabcd88dfee00ba46c49cb53~tplv-tiktokx-cropcenter:1080:1080.webp?dr=14635&refresh_token=bfe01e14&x-expires=1774490400&x-signature=G3aMINAdRusKOKFv7x8akOp8JiY%3D&t=4d5b0474&ps=82dc5187&shp=30310797&shcp=65db1d19&idc=my,False,IT,it,0,8,75684,70660,157737,332,1448653749,1774404185
